chain, residue_label, residue_name, score, zscore, probability, pocket
A,    1, MET,  0.0332,  -0.3609,   0.0007, 0
A,    2, GLY,  0.0123,  -0.3726,   0.0004, 0
A,    3, ASP,  0.0170,  -0.3700,   0.0004, 0
A,    4, MET,  0.0209,  -0.3678,   0.0005, 0
A,    5, GLY,  0.0136,  -0.3719,   0.0004, 0
A,    6, ASP,  0.0161,  -0.3705,   0.0004, 0
A,    7, PRO,  0.0157,  -0.3707,   0.0004, 0
A,    8, PRO,  0.0110,  -0.3733,   0.0004, 0
A,    9, LYS,  0.0213,  -0.3676,   0.0005, 0
A,   10, LYS,  0.0302,  -0.3626,   0.0006, 0
A,   11, LYS,  0.0338,  -0.3606,   0.0007, 0
A,   12, ARG,  0.5142,  -0.0929,   0.0379, 0
A,   13, LEU,  0.5878,  -0.0518,   0.0493, 0
A,   14, ILE,  0.1325,  -0.3056,   0.0036, 0
A,   15, SER,  0.5659,  -0.0641,   0.0457, 0
A,   16, LEU,  0.0341,  -0.3605,   0.0007, 0
A,   17, CYS,  0.2771,  -0.2250,   0.0121, 0
A,   18, VAL,  0.2471,  -0.2417,   0.0099, 0
A,   19, GLY,  0.4145,  -0.1484,   0.0252, 0
A,   20, CYS,  0.5737,  -0.0597,   0.0470, 0
A,   21, GLY,  0.0363,  -0.3592,   0.0008, 0
A,   22, ASN,  0.3466,  -0.1863,   0.0182, 0
A,   23, GLN,  0.4433,  -0.1324,   0.0286, 0
A,   24, ILE,  0.6032,  -0.0433,   0.0518, 0
A,   25, HIS,  0.3612,  -0.1781,   0.0195, 0
A,   26, ASP,  0.4737,  -0.1154,   0.0324, 0
A,   27, GLN,  0.0637,  -0.3440,   0.0013, 0
A,   28, TYR,  0.1731,  -0.2830,   0.0054, 0
A,   29, ILE,  0.5995,  -0.0453,   0.0512, 0
A,   30, LEU,  0.1113,  -0.3174,   0.0027, 0
A,   31, ARG,  0.5303,  -0.0839,   0.0403, 0
A,   32, VAL,  0.0121,  -0.3727,   0.0004, 0
A,   33, SER,  0.0207,  -0.3679,   0.0005, 0
A,   34, PRO,  0.0409,  -0.3567,   0.0008, 0
A,   35, ASP,  0.0276,  -0.3641,   0.0006, 0
A,   36, LEU,  0.1087,  -0.3189,   0.0026, 0
A,   37, GLU,  0.1699,  -0.2848,   0.0052, 0
A,   38, TRP,  0.4322,  -0.1386,   0.0273, 0
A,   39, HIS,  0.4514,  -0.1278,   0.0296, 0
A,   40, ALA,  0.1927,  -0.2720,   0.0064, 0
A,   41, ALA,  0.3750,  -0.1704,   0.0209, 0
A,   42, CYS,  0.7615,   0.0450,   0.0826, 0
A,   43, LEU,  0.2453,  -0.2427,   0.0098, 0
A,   44, LYS,  0.3653,  -0.1759,   0.0199, 0
A,   45, CYS,  0.2070,  -0.2641,   0.0073, 0
A,   46, ALA,  0.2573,  -0.2360,   0.0106, 0
A,   47, GLU,  0.0592,  -0.3464,   0.0012, 0
A,   48, CYS,  0.0736,  -0.3384,   0.0016, 0
A,   49, ASN,  0.0797,  -0.3350,   0.0017, 0
A,   50, GLN,  0.3947,  -0.1595,   0.0230, 0
A,   51, TYR,  0.1730,  -0.2830,   0.0054, 0
A,   52, LEU,  0.1745,  -0.2822,   0.0055, 0
A,   53, ASP,  0.1889,  -0.2742,   0.0062, 0
A,   54, GLU,  0.0702,  -0.3403,   0.0015, 0
A,   55, SER,  0.3140,  -0.2044,   0.0152, 0
A,   56, CYS,  0.0813,  -0.3342,   0.0018, 0
A,   57, THR,  0.2335,  -0.2493,   0.0090, 0
A,   58, CYS,  0.0340,  -0.3605,   0.0007, 0
A,   59, PHE,  0.0445,  -0.3547,   0.0009, 0
A,   60, VAL,  0.0732,  -0.3387,   0.0016, 0
A,   61, ARG,  0.0368,  -0.3590,   0.0008, 0
A,   62, ASP,  0.0930,  -0.3276,   0.0021, 0
A,   63, GLY,  0.3661,  -0.1754,   0.0200, 0
A,   64, LYS,  0.3577,  -0.1801,   0.0192, 0
A,   65, THR,  0.2583,  -0.2355,   0.0107, 0
A,   66, TYR,  0.1441,  -0.2992,   0.0041, 0
A,   67, CYS,  0.4021,  -0.1553,   0.0238, 0
A,   68, LYS,  0.6405,  -0.0224,   0.0583, 0
A,   69, ARG,  0.5456,  -0.0754,   0.0426, 0
A,   70, ASP,  0.2148,  -0.2597,   0.0077, 0
A,   71, TYR,  0.0328,  -0.3612,   0.0007, 0
A,   72, ILE,  0.3605,  -0.1785,   0.0195, 1
A,   73, ARG,  0.1244,  -0.3101,   0.0032, 0
A,   74, LEU,  0.0661,  -0.3426,   0.0014, 0
A,   75, TYR,  0.1294,  -0.3074,   0.0034, 0
A,   76, GLY,  0.1378,  -0.3027,   0.0038, 1
A,   77, ILE,  0.2293,  -0.2516,   0.0087, 0
A,   78, LYS,  0.1028,  -0.3222,   0.0024, 0
A,   79, CYS,  0.0202,  -0.3682,   0.0005, 0
A,   80, ALA,  0.2191,  -0.2574,   0.0080, 0
A,   81, LYS,  0.2812,  -0.2227,   0.0124, 0
A,   82, CYS,  0.2365,  -0.2476,   0.0092, 0
A,   83, SER,  0.0663,  -0.3425,   0.0014, 0
A,   84, ILE,  0.3126,  -0.2052,   0.0150, 0
A,   85, GLY,  0.2596,  -0.2348,   0.0108, 0
A,   86, PHE,  0.2927,  -0.2163,   0.0134, 1
A,   87, SER,  0.1208,  -0.3121,   0.0031, 0
A,   88, LYS,  0.2227,  -0.2553,   0.0082, 0
A,   89, ASN,  0.0505,  -0.3513,   0.0010, 0
A,   90, ASP,  0.0855,  -0.3318,   0.0019, 0
A,   91, PHE,  0.2261,  -0.2534,   0.0085, 0
A,   92, VAL,  0.0323,  -0.3614,   0.0007, 0
A,   93, MET,  0.1306,  -0.3067,   0.0035, 0
A,   94, ARG,  0.1836,  -0.2771,   0.0059, 0
A,   95, ALA,  0.1636,  -0.2883,   0.0049, 0
A,   96, ARG,  0.2373,  -0.2472,   0.0092, 0
A,   97, SER,  0.1577,  -0.2916,   0.0047, 0
A,   98, LYS,  0.0980,  -0.3248,   0.0023, 0
A,   99, VAL,  0.0961,  -0.3259,   0.0022, 0
A,  100, TYR,  0.1984,  -0.2689,   0.0068, 0
A,  101, HIS,  0.2754,  -0.2260,   0.0120, 0
A,  102, ILE,  0.3339,  -0.1933,   0.0170, 0
A,  103, GLU,  0.2433,  -0.2439,   0.0096, 0
A,  104, CYS,  0.3667,  -0.1750,   0.0201, 0
A,  105, PHE,  0.1101,  -0.3181,   0.0027, 0
A,  106, ARG,  0.2525,  -0.2387,   0.0103, 0
A,  107, CYS,  0.1278,  -0.3082,   0.0034, 0
A,  108, VAL,  0.2399,  -0.2458,   0.0094, 0
A,  109, ALA,  0.1509,  -0.2953,   0.0044, 0
A,  110, CYS,  0.1569,  -0.2920,   0.0046, 0
A,  111, SER,  0.1256,  -0.3094,   0.0033, 0
A,  112, ARG,  0.2360,  -0.2479,   0.0091, 0
A,  113, GLN,  0.2157,  -0.2592,   0.0078, 0
A,  114, LEU,  0.1891,  -0.2741,   0.0062, 0
A,  115, ILE,  0.1434,  -0.2995,   0.0040, 0
A,  116, PRO,  0.2045,  -0.2655,   0.0071, 0
A,  117, GLY,  0.0248,  -0.3657,   0.0006, 0
A,  118, ASP,  0.0998,  -0.3238,   0.0023, 0
A,  119, GLU,  0.2042,  -0.2656,   0.0071, 0
A,  120, PHE,  0.1369,  -0.3031,   0.0037, 0
A,  121, ALA,  0.0755,  -0.3374,   0.0016, 0
A,  122, LEU,  0.0542,  -0.3492,   0.0011, 0
A,  123, ARG,  0.1789,  -0.2797,   0.0057, 0
A,  124, GLU,  0.0742,  -0.3381,   0.0016, 0
A,  125, ASP,  0.2744,  -0.2265,   0.0119, 0
A,  126, GLY,  0.1871,  -0.2752,   0.0061, 0
A,  127, LEU,  0.1849,  -0.2764,   0.0060, 0
A,  128, PHE,  0.2806,  -0.2231,   0.0124, 0
A,  129, CYS,  0.2006,  -0.2677,   0.0069, 0
A,  130, ARG,  0.2159,  -0.2591,   0.0078, 0
A,  131, ALA,  0.1812,  -0.2785,   0.0058, 0
A,  132, ASP,  0.2146,  -0.2598,   0.0077, 0
A,  133, HIS,  0.1057,  -0.3206,   0.0025, 0
A,  134, ASP,  0.1124,  -0.3168,   0.0028, 0
A,  135, VAL,  0.0586,  -0.3468,   0.0012, 0
A,  136, VAL,  0.2670,  -0.2306,   0.0113, 0
A,  137, GLU,  0.0808,  -0.3344,   0.0018, 0
A,  138, ARG,  0.0297,  -0.3629,   0.0006, 0
A,  139, ALA,  0.0497,  -0.3518,   0.0010, 0
A,  140, SER,  0.0669,  -0.3421,   0.0014, 0
A,  141, LEU,  0.0574,  -0.3474,   0.0012, 0
A,  142, GLY,  0.0144,  -0.3714,   0.0004, 0
A,  143, ALA,  0.0087,  -0.3746,   0.0003, 0
A,  144, GLY,  0.0054,  -0.3764,   0.0003, 0
A,  145, ASP,  0.0039,  -0.3773,   0.0003, 0
A,  146, PRO,  0.0094,  -0.3742,   0.0003, 0
A,  147, LEU,  0.0116,  -0.3730,   0.0004, 0
A,  148, SER,  0.0181,  -0.3694,   0.0005, 0
A,  149, PRO,  0.0178,  -0.3695,   0.0005, 0
A,  150, LEU,  0.0261,  -0.3649,   0.0006, 0
A,  151, HIS,  0.0262,  -0.3648,   0.0006, 0
A,  152, PRO,  0.0300,  -0.3628,   0.0006, 0
A,  153, ALA,  0.0329,  -0.3611,   0.0007, 0
A,  154, ARG,  0.0403,  -0.3570,   0.0008, 0
A,  155, PRO,  0.0370,  -0.3588,   0.0008, 0
A,  156, LEU,  0.0330,  -0.3610,   0.0007, 0
A,  157, GLN,  0.0201,  -0.3682,   0.0005, 0
A,  158, MET,  0.0310,  -0.3622,   0.0007, 0
A,  159, ALA,  0.0200,  -0.3683,   0.0005, 0
A,  160, ALA,  0.0087,  -0.3746,   0.0003, 0
A,  161, GLU,  0.0067,  -0.3757,   0.0003, 0
A,  162, PRO,  0.0038,  -0.3773,   0.0003, 0
A,  163, ILE,  0.0150,  -0.3711,   0.0004, 0
A,  164, SER,  0.0061,  -0.3760,   0.0003, 0
A,  165, ALA,  0.0099,  -0.3740,   0.0004, 0
A,  166, ARG,  0.0124,  -0.3725,   0.0004, 0
A,  167, GLN,  0.0129,  -0.3722,   0.0004, 0
A,  168, PRO,  0.0161,  -0.3705,   0.0004, 0
A,  169, ALA,  0.0153,  -0.3709,   0.0004, 0
A,  170, LEU,  0.0229,  -0.3667,   0.0005, 0
A,  171, ARG,  0.0416,  -0.3563,   0.0008, 0
A,  172, PRO,  0.0324,  -0.3614,   0.0007, 0
A,  173, HIS,  0.5216,  -0.0887,   0.0390, 0
A,  174, VAL,  0.0617,  -0.3451,   0.0013, 0
A,  175, HIS,  0.5025,  -0.0994,   0.0363, 0
A,  176, LYS,  0.0345,  -0.3602,   0.0007, 0
A,  177, GLN,  0.0088,  -0.3745,   0.0003, 0
A,  178, PRO,  0.0087,  -0.3746,   0.0003, 0
A,  179, GLU,  0.0026,  -0.3780,   0.0003, 0
A,  180, LYS,  0.0153,  -0.3709,   0.0004, 0
A,  181, THR,  0.0111,  -0.3733,   0.0004, 0
A,  182, THR,  0.0144,  -0.3715,   0.0004, 0
A,  183, ARG,  0.0556,  -0.3485,   0.0011, 0
A,  184, VAL,  0.0277,  -0.3640,   0.0006, 0
A,  185, ARG,  0.4167,  -0.1472,   0.0254, 0
A,  186, THR,  0.1617,  -0.2894,   0.0049, 0
A,  187, VAL,  0.0309,  -0.3622,   0.0007, 0
A,  188, LEU,  0.4406,  -0.1339,   0.0283, 0
A,  189, ASN,  0.0098,  -0.3740,   0.0004, 0
A,  190, GLU,  0.0191,  -0.3688,   0.0005, 0
A,  191, LYS,  0.0483,  -0.3526,   0.0010, 0
A,  192, GLN,  0.0216,  -0.3674,   0.0005, 0
A,  193, LEU,  0.4151,  -0.1481,   0.0253, 0
A,  194, HIS,  0.0631,  -0.3443,   0.0013, 0
A,  195, THR,  0.2688,  -0.2296,   0.0115, 0
A,  196, LEU,  0.1008,  -0.3233,   0.0024, 0
A,  197, ARG,  0.2049,  -0.2653,   0.0071, 0
A,  198, THR,  0.1747,  -0.2821,   0.0055, 0
A,  199, CYS,  0.2698,  -0.2291,   0.0115, 0
A,  200, TYR,  0.0895,  -0.3296,   0.0020, 0
A,  201, ALA,  0.0275,  -0.3641,   0.0006, 0
A,  202, ALA,  0.0893,  -0.3297,   0.0020, 0
A,  203, ASN,  0.0457,  -0.3540,   0.0009, 0
A,  204, PRO,  0.1423,  -0.3001,   0.0040, 0
A,  205, ARG,  0.2180,  -0.2579,   0.0079, 0
A,  206, PRO,  0.1373,  -0.3029,   0.0038, 0
A,  207, ASP,  0.0418,  -0.3562,   0.0009, 0
A,  208, ALA,  0.0200,  -0.3683,   0.0005, 0
A,  209, LEU,  0.0241,  -0.3661,   0.0005, 0
A,  210, MET,  0.2647,  -0.2319,   0.0112, 0
A,  211, LYS,  0.1726,  -0.2833,   0.0054, 0
A,  212, GLU,  0.0158,  -0.3707,   0.0004, 0
A,  213, GLN,  0.2362,  -0.2478,   0.0091, 0
A,  214, LEU,  0.2302,  -0.2512,   0.0087, 0
A,  215, VAL,  0.0162,  -0.3704,   0.0004, 0
A,  216, GLU,  0.0177,  -0.3696,   0.0005, 0
A,  217, MET,  0.2849,  -0.2206,   0.0127, 0
A,  218, THR,  0.0261,  -0.3649,   0.0006, 0
A,  219, GLY,  0.0233,  -0.3665,   0.0005, 0
A,  220, LEU,  0.0162,  -0.3704,   0.0004, 0
A,  221, SER,  0.0575,  -0.3474,   0.0012, 0
A,  222, PRO,  0.0612,  -0.3454,   0.0013, 0
A,  223, ARG,  0.1355,  -0.3040,   0.0037, 0
A,  224, VAL,  0.2144,  -0.2600,   0.0077, 0
A,  225, ILE,  0.1146,  -0.3156,   0.0029, 0
A,  226, ARG,  0.2251,  -0.2540,   0.0084, 0
A,  227, VAL,  0.3133,  -0.2048,   0.0151, 0
A,  228, TRP,  0.6537,  -0.0151,   0.0607, 0
A,  229, PHE,  0.2332,  -0.2495,   0.0089, 0
A,  230, GLN,  0.2291,  -0.2517,   0.0087, 0
A,  231, ASN,  0.3889,  -0.1627,   0.0224, 0
A,  232, LYS,  0.2499,  -0.2402,   0.0101, 0
A,  233, ARG,  0.3478,  -0.1856,   0.0183, 0
A,  234, CYS,  0.1820,  -0.2780,   0.0059, 0
A,  235, LYS,  0.1267,  -0.3088,   0.0033, 0
A,  236, ASP,  0.0979,  -0.3249,   0.0023, 0
A,  237, LYS,  0.1096,  -0.3184,   0.0027, 0
A,  238, LYS,  0.0889,  -0.3299,   0.0020, 0
A,  239, ARG,  0.1728,  -0.2831,   0.0054, 0
A,  240, SER,  0.0252,  -0.3654,   0.0006, 0
A,  241, ILE,  0.0349,  -0.3600,   0.0007, 0
A,  242, MET,  0.1549,  -0.2931,   0.0045, 0
A,  243, MET,  0.2136,  -0.2604,   0.0077, 0
A,  244, LYS,  0.0278,  -0.3640,   0.0006, 0
A,  245, GLN,  0.0322,  -0.3615,   0.0007, 0
A,  246, LEU,  0.1305,  -0.3067,   0.0035, 0
A,  247, GLN,  0.0182,  -0.3693,   0.0005, 0
A,  248, GLN,  0.0086,  -0.3746,   0.0003, 0
A,  249, GLN,  0.0118,  -0.3729,   0.0004, 0
A,  250, GLN,  0.0033,  -0.3776,   0.0003, 0
A,  251, PRO,  0.0014,  -0.3787,   0.0002, 0
A,  252, ASN,  0.0185,  -0.3692,   0.0005, 0
A,  253, ASP,  0.0066,  -0.3758,   0.0003, 0
A,  254, LYS,  0.0108,  -0.3734,   0.0004, 0
A,  255, THR,  0.0083,  -0.3748,   0.0003, 0
A,  256, ASN,  0.0135,  -0.3719,   0.0004, 0
A,  257, ILE,  0.0187,  -0.3690,   0.0005, 0
A,  258, GLN,  0.0643,  -0.3436,   0.0013, 0
A,  259, GLY,  0.0474,  -0.3530,   0.0010, 0
A,  260, MET,  0.0853,  -0.3319,   0.0019, 0
A,  261, THR,  0.0816,  -0.3340,   0.0018, 0
A,  262, GLY,  0.1201,  -0.3125,   0.0031, 0
A,  263, THR,  0.1042,  -0.3214,   0.0025, 0
A,  264, PRO,  0.1195,  -0.3128,   0.0030, 0
A,  265, MET,  0.2596,  -0.2347,   0.0108, 0
A,  266, VAL,  0.1048,  -0.3211,   0.0025, 0
A,  267, ALA,  0.0601,  -0.3460,   0.0012, 0
A,  268, ALA,  0.1017,  -0.3228,   0.0024, 0
A,  269, SER,  0.0455,  -0.3541,   0.0009, 0
A,  270, PRO,  0.2535,  -0.2382,   0.0104, 0
A,  271, GLU,  0.0299,  -0.3628,   0.0006, 0
A,  272, ARG,  0.0836,  -0.3329,   0.0018, 0
A,  273, HIS,  0.2065,  -0.2644,   0.0072, 1
A,  274, ASP,  0.1038,  -0.3216,   0.0025, 0
A,  275, GLY,  0.2822,  -0.2221,   0.0125, 1
A,  276, GLY,  0.2742,  -0.2266,   0.0119, 1
A,  277, LEU,  0.2783,  -0.2244,   0.0122, 1
A,  278, GLN,  0.0909,  -0.3288,   0.0020, 0
A,  279, ALA,  0.0111,  -0.3733,   0.0004, 0
A,  280, ASN,  0.0132,  -0.3721,   0.0004, 0
A,  281, PRO,  0.0275,  -0.3641,   0.0006, 0
A,  282, VAL,  0.0088,  -0.3746,   0.0003, 0
A,  283, GLU,  0.0177,  -0.3696,   0.0005, 0
A,  284, VAL,  0.0187,  -0.3690,   0.0005, 0
A,  285, GLN,  0.0520,  -0.3505,   0.0011, 0
A,  286, SER,  0.1304,  -0.3068,   0.0035, 0
A,  287, TYR,  0.3849,  -0.1649,   0.0219, 0
A,  288, GLN,  0.0815,  -0.3341,   0.0018, 0
A,  289, PRO,  0.8078,   0.0708,   0.0930, 0
A,  290, PRO,  0.4226,  -0.1439,   0.0261, 0
A,  291, TRP,  1.1440,   0.2582,   0.1805, 0
A,  292, LYS,  0.0825,  -0.3335,   0.0018, 0
A,  293, VAL,  0.2384,  -0.2466,   0.0093, 0
A,  294, LEU,  0.2635,  -0.2326,   0.0111, 0
A,  295, SER,  0.1925,  -0.2722,   0.0064, 0
A,  296, ASP,  0.0733,  -0.3386,   0.0016, 0
A,  297, PHE,  0.5462,  -0.0750,   0.0427, 0
A,  298, ALA,  0.0788,  -0.3355,   0.0017, 0
A,  299, LEU,  0.0523,  -0.3503,   0.0011, 0
A,  300, GLN,  0.0518,  -0.3506,   0.0011, 0
A,  301, SER,  0.0595,  -0.3463,   0.0012, 0
A,  302, ASP,  0.0050,  -0.3767,   0.0003, 0
A,  303, ILE,  0.0094,  -0.3742,   0.0003, 0
A,  304, ASP,  0.0024,  -0.3781,   0.0003, 0
A,  305, GLN,  0.0072,  -0.3754,   0.0003, 0
A,  306, PRO,  0.0051,  -0.3766,   0.0003, 0
A,  307, ALA,  0.0194,  -0.3686,   0.0005, 0
A,  308, PHE,  0.0973,  -0.3252,   0.0022, 0
A,  309, GLN,  0.0692,  -0.3409,   0.0015, 0
A,  310, GLN,  0.0638,  -0.3439,   0.0013, 0
A,  311, LEU,  0.0246,  -0.3658,   0.0006, 0
A,  312, VAL,  0.0570,  -0.3477,   0.0012, 0
A,  313, ASN,  0.0997,  -0.3239,   0.0023, 0
A,  314, PHE,  0.1518,  -0.2949,   0.0044, 0
A,  315, SER,  0.0604,  -0.3458,   0.0012, 0
A,  316, GLU,  0.0175,  -0.3697,   0.0005, 0
A,  317, GLY,  0.0120,  -0.3728,   0.0004, 0
A,  318, GLY,  0.0143,  -0.3715,   0.0004, 0
A,  319, PRO,  0.0153,  -0.3709,   0.0004, 0
A,  320, GLY,  0.0091,  -0.3744,   0.0003, 0
A,  321, SER,  0.0083,  -0.3748,   0.0003, 0
A,  322, ASN,  0.0123,  -0.3726,   0.0004, 0
A,  323, SER,  0.0068,  -0.3757,   0.0003, 0
A,  324, THR,  0.0062,  -0.3760,   0.0003, 0
A,  325, GLY,  0.0048,  -0.3768,   0.0003, 0
A,  326, SER,  0.0039,  -0.3773,   0.0003, 0
A,  327, GLU,  0.0088,  -0.3745,   0.0003, 0
A,  328, VAL,  0.0099,  -0.3739,   0.0004, 0
A,  329, ALA,  0.0156,  -0.3708,   0.0004, 0
A,  330, SER,  0.0236,  -0.3663,   0.0005, 0
A,  331, MET,  0.0257,  -0.3651,   0.0006, 0
A,  332, SER,  0.0157,  -0.3707,   0.0004, 0
A,  333, SER,  0.0107,  -0.3735,   0.0004, 0
A,  334, GLN,  0.0102,  -0.3738,   0.0004, 0
A,  335, LEU,  0.0057,  -0.3763,   0.0003, 0
A,  336, PRO,  0.0029,  -0.3778,   0.0003, 0
A,  337, ASP,  0.0053,  -0.3765,   0.0003, 0
A,  338, THR,  0.0074,  -0.3753,   0.0003, 0
A,  339, PRO,  0.0131,  -0.3722,   0.0004, 0
A,  340, ASN,  0.0506,  -0.3513,   0.0010, 0
A,  341, SER,  0.0177,  -0.3696,   0.0005, 0
A,  342, MET,  0.0925,  -0.3279,   0.0021, 0
A,  343, VAL,  0.0230,  -0.3667,   0.0005, 0
A,  344, ALA,  0.0230,  -0.3666,   0.0005, 0
A,  345, SER,  0.0298,  -0.3628,   0.0006, 0
A,  346, PRO,  0.0276,  -0.3641,   0.0006, 0
A,  347, ILE,  0.0168,  -0.3701,   0.0004, 0
A,  348, GLU,  0.0070,  -0.3756,   0.0003, 0
A,  349, ALA,  0.0069,  -0.3756,   0.0003, 0
